degree,numGrp,delta,isKM02,isKM08,isKM08_v2,time
2,2,"{ 1 }",true,false,true,0.000
2,2,"{ 2 }",true,false,true,0.000
3,3,"{ 1 }",true,false,true,0.000
3,3,"{ 2 }",true,false,true,0.000
3,3,"{ 3 }",true,false,true,0.000
3,4,"{ 1, 3 }",true,true,true,0.000
3,4,"{ 2, 3 }",true,true,true,0.000
3,4,"{ 1, 2 }",true,true,true,0.000
4,5,"{ 2, 3, 4 }",true,true,true,0.000
4,5,"{ 1, 2, 4 }",true,true,true,0.000
4,5,"{ 1, 2, 3 }",true,true,true,0.000
4,5,"{ 1, 3, 4 }",true,true,true,0.000
4,6,"{ 2, 3, 4 }",true,true,true,0.000
4,6,"{ 1, 2, 4 }",true,true,true,0.000
4,6,"{ 1, 2, 3 }",true,true,true,0.000
4,6,"{ 1, 3, 4 }",true,true,true,0.000
5,7,"{ 1 }",true,false,true,0.000
5,7,"{ 2 }",true,false,true,0.000
5,7,"{ 3 }",true,false,true,0.000
5,7,"{ 4 }",true,false,true,0.000
5,7,"{ 5 }",true,false,true,0.000
5,8,"{ 1, 3 }",true,false,true,0.010
5,8,"{ 2, 5 }",true,false,true,0.010
5,8,"{ 1, 5 }",true,false,true,0.010
5,8,"{ 1, 4 }",true,false,true,0.010
5,8,"{ 4, 5 }",true,false,true,0.010
5,8,"{ 2, 4 }",true,false,true,0.010
5,8,"{ 1, 2 }",true,false,true,0.010
5,8,"{ 2, 3 }",true,false,true,0.010
5,8,"{ 3, 4 }",true,false,true,0.010
5,8,"{ 3, 5 }",true,false,true,0.010
5,9,"{ 1, 2, 4, 5 }",true,true,true,0.000
5,9,"{ 2, 3, 4, 5 }",true,true,true,0.000
5,9,"{ 1, 3, 4, 5 }",true,true,true,0.000
5,9,"{ 1, 2, 3, 5 }",true,true,true,0.000
5,9,"{ 1, 2, 3, 4 }",true,true,true,0.000
5,10,"{ 1, 2, 4, 5 }",true,true,true,0.000
5,10,"{ 2, 3, 4, 5 }",true,true,true,0.000
5,10,"{ 1, 3, 4, 5 }",true,true,true,0.000
5,10,"{ 1, 2, 3, 5 }",true,true,true,0.000
5,10,"{ 1, 2, 3, 4 }",true,true,true,0.000
5,11,"{ 1, 2, 4, 5 }",true,true,true,0.000
5,11,"{ 2, 3, 4, 5 }",true,true,true,0.000
5,11,"{ 1, 3, 4, 5 }",true,true,true,0.000
5,11,"{ 1, 2, 3, 5 }",true,true,true,0.000
5,11,"{ 1, 2, 3, 4 }",true,true,true,0.000
6,12,"{ 1, 3, 4, 5, 6 }",true,true,true,0.000
6,12,"{ 2, 3, 4, 5, 6 }",true,true,true,0.000
6,12,"{ 1, 2, 3, 4, 6 }",true,true,true,0.000
6,12,"{ 1, 2, 4, 5, 6 }",true,true,true,0.000
6,12,"{ 1, 2, 3, 5, 6 }",true,true,true,0.000
6,12,"{ 1, 2, 3, 4, 5 }",true,true,true,0.000
6,13,"{ 1, 3, 4, 5, 6 }",true,true,true,0.000
6,13,"{ 2, 3, 4, 5, 6 }",true,true,true,0.000
6,13,"{ 1, 2, 3, 4, 6 }",true,true,true,0.000
6,13,"{ 1, 2, 4, 5, 6 }",true,true,true,0.000
6,13,"{ 1, 2, 3, 5, 6 }",true,true,true,0.000
6,13,"{ 1, 2, 3, 4, 5 }",true,true,true,0.000
6,14,"{ 1, 3, 4, 5, 6 }",true,true,true,0.010
6,14,"{ 2, 3, 4, 5, 6 }",true,true,true,0.010
6,14,"{ 1, 2, 3, 4, 6 }",true,true,true,0.010
6,14,"{ 1, 2, 4, 5, 6 }",true,true,true,0.010
6,14,"{ 1, 2, 3, 5, 6 }",true,true,true,0.010
6,14,"{ 1, 2, 3, 4, 5 }",true,true,true,0.010
6,15,"{ 1, 3, 4, 5, 6 }",true,true,true,0.020
6,15,"{ 2, 3, 4, 5, 6 }",true,true,true,0.020
6,15,"{ 1, 2, 3, 4, 6 }",true,true,true,0.020
6,15,"{ 1, 2, 4, 5, 6 }",true,true,true,0.020
6,15,"{ 1, 2, 3, 5, 6 }",true,true,true,0.020
6,15,"{ 1, 2, 3, 4, 5 }",true,true,true,0.020
7,16,"{ 1 }",true,false,true,0.000
7,16,"{ 2 }",true,false,true,0.000
7,16,"{ 3 }",true,false,true,0.000
7,16,"{ 4 }",true,false,true,0.000
7,16,"{ 7 }",true,false,true,0.000
7,16,"{ 5 }",true,false,true,0.000
7,16,"{ 6 }",true,false,true,0.000
7,17,"{ 4, 6 }",true,false,true,0.000
7,17,"{ 3, 5 }",true,false,true,0.000
7,17,"{ 2, 6 }",true,false,true,0.000
7,17,"{ 2, 3 }",true,false,true,0.000
7,17,"{ 6, 7 }",true,false,true,0.000
7,17,"{ 3, 6 }",true,false,true,0.000
7,17,"{ 4, 5 }",true,false,true,0.000
7,17,"{ 5, 6 }",true,false,true,0.000
7,17,"{ 3, 4 }",true,false,true,0.000
7,17,"{ 1, 3 }",true,false,true,0.000
7,17,"{ 1, 4 }",true,false,true,0.000
7,17,"{ 1, 2 }",true,false,true,0.000
7,17,"{ 2, 5 }",true,false,true,0.000
7,17,"{ 4, 7 }",true,false,true,0.000
7,17,"{ 5, 7 }",true,false,true,0.000
7,17,"{ 1, 5 }",true,false,true,0.000
7,17,"{ 2, 7 }",true,false,true,0.000
7,17,"{ 1, 6 }",true,false,true,0.000
7,17,"{ 3, 7 }",true,false,true,0.000
7,17,"{ 2, 4 }",true,false,true,0.000
7,17,"{ 1, 7 }",true,false,true,0.000
7,18,"{ 3, 4, 6 }",true,true,true,0.000
7,18,"{ 1, 3, 4 }",true,true,true,0.000
7,18,"{ 3, 5, 6 }",true,true,true,0.000
7,18,"{ 2, 4, 5 }",true,true,true,0.000
7,18,"{ 2, 3, 5 }",true,true,true,0.000
7,18,"{ 4, 5, 7 }",true,true,true,0.000
7,18,"{ 4, 6, 7 }",true,true,true,0.000
7,18,"{ 1, 5, 6 }",true,true,true,0.000
7,18,"{ 1, 5, 7 }",true,true,true,0.000
7,18,"{ 1, 2, 6 }",true,true,true,0.000
7,18,"{ 2, 6, 7 }",true,true,true,0.000
7,18,"{ 1, 2, 4 }",true,true,true,0.000
7,18,"{ 2, 3, 7 }",true,true,true,0.000
7,18,"{ 1, 3, 7 }",true,true,true,0.000
7,19,"{ 1, 2, 4, 5, 6, 7 }",true,true,true,0.000
7,19,"{ 1, 2, 3, 5, 6, 7 }",true,true,true,0.000
7,19,"{ 1, 2, 3, 4, 5, 7 }",true,true,true,0.000
7,19,"{ 2, 3, 4, 5, 6, 7 }",true,true,true,0.000
7,19,"{ 1, 2, 3, 4, 5, 6 }",true,true,true,0.000
7,19,"{ 1, 2, 3, 4, 6, 7 }",true,true,true,0.000
7,19,"{ 1, 3, 4, 5, 6, 7 }",true,true,true,0.000
7,20,"{ 1, 2, 4, 5, 6, 7 }",true,true,true,0.020
7,20,"{ 1, 2, 3, 5, 6, 7 }",true,true,true,0.020
7,20,"{ 1, 2, 3, 4, 5, 7 }",true,true,true,0.020
7,20,"{ 2, 3, 4, 5, 6, 7 }",true,true,true,0.020
7,20,"{ 1, 2, 3, 4, 5, 6 }",true,true,true,0.020
7,20,"{ 1, 2, 3, 4, 6, 7 }",true,true,true,0.020
7,20,"{ 1, 3, 4, 5, 6, 7 }",true,true,true,0.020
7,21,"{ 1, 2, 4, 5, 6, 7 }",true,true,true,0.070
7,21,"{ 1, 2, 3, 5, 6, 7 }",true,true,true,0.070
7,21,"{ 1, 2, 3, 4, 5, 7 }",true,true,true,0.070
7,21,"{ 2, 3, 4, 5, 6, 7 }",true,true,true,0.070
7,21,"{ 1, 2, 3, 4, 5, 6 }",true,true,true,0.070
7,21,"{ 1, 2, 3, 4, 6, 7 }",true,true,true,0.070
7,21,"{ 1, 3, 4, 5, 6, 7 }",true,true,true,0.070
7,22,"{ 1, 2, 4, 5, 6, 7 }",true,true,true,0.120
7,22,"{ 1, 2, 3, 5, 6, 7 }",true,true,true,0.120
7,22,"{ 1, 2, 3, 4, 5, 7 }",true,true,true,0.120
7,22,"{ 2, 3, 4, 5, 6, 7 }",true,true,true,0.120
7,22,"{ 1, 2, 3, 4, 5, 6 }",true,true,true,0.120
7,22,"{ 1, 2, 3, 4, 6, 7 }",true,true,true,0.120
7,22,"{ 1, 3, 4, 5, 6, 7 }",true,true,true,0.120
8,23,"{ 1, 2, 3, 4, 5, 6, 8 }",true,true,true,0.000
8,23,"{ 1, 2, 3, 4, 5, 7, 8 }",true,true,true,0.000
8,23,"{ 2, 3, 4, 5, 6, 7, 8 }",true,true,true,0.000
8,23,"{ 1, 2, 3, 4, 5, 6, 7 }",true,true,true,0.000
8,23,"{ 1, 3, 4, 5, 6, 7, 8 }",true,true,true,0.000
8,23,"{ 1, 2, 3, 4, 6, 7, 8 }",true,true,true,0.000
8,23,"{ 1, 2, 4, 5, 6, 7, 8 }",true,true,true,0.000
8,23,"{ 1, 2, 3, 5, 6, 7, 8 }",true,true,true,0.000
8,24,"{ 1, 2, 3, 4, 5, 6, 8 }",true,true,true,0.010
8,24,"{ 1, 2, 3, 4, 5, 7, 8 }",true,true,true,0.010
8,24,"{ 2, 3, 4, 5, 6, 7, 8 }",true,true,true,0.010
8,24,"{ 1, 2, 3, 4, 5, 6, 7 }",true,true,true,0.010
8,24,"{ 1, 3, 4, 5, 6, 7, 8 }",true,true,true,0.010
8,24,"{ 1, 2, 3, 4, 6, 7, 8 }",true,true,true,0.010
8,24,"{ 1, 2, 4, 5, 6, 7, 8 }",true,true,true,0.010
8,24,"{ 1, 2, 3, 5, 6, 7, 8 }",true,true,true,0.010
8,25,"{ 1, 2, 3, 4, 5, 6, 8 }",true,true,true,0.040
8,25,"{ 1, 2, 3, 4, 5, 7, 8 }",true,true,true,0.040
8,25,"{ 2, 3, 4, 5, 6, 7, 8 }",true,true,true,0.040
8,25,"{ 1, 2, 3, 4, 5, 6, 7 }",true,true,true,0.040
8,25,"{ 1, 3, 4, 5, 6, 7, 8 }",true,true,true,0.040
8,25,"{ 1, 2, 3, 4, 6, 7, 8 }",true,true,true,0.040
8,25,"{ 1, 2, 4, 5, 6, 7, 8 }",true,true,true,0.040
8,25,"{ 1, 2, 3, 5, 6, 7, 8 }",true,true,true,0.040
8,26,"{ 1, 2, 3, 4, 5, 6, 8 }",true,true,true,0.000
8,26,"{ 1, 2, 3, 4, 5, 7, 8 }",true,true,true,0.000
8,26,"{ 2, 3, 4, 5, 6, 7, 8 }",true,true,true,0.000
8,26,"{ 1, 2, 3, 4, 5, 6, 7 }",true,true,true,0.000
8,26,"{ 1, 3, 4, 5, 6, 7, 8 }",true,true,true,0.000
8,26,"{ 1, 2, 3, 4, 6, 7, 8 }",true,true,true,0.000
8,26,"{ 1, 2, 4, 5, 6, 7, 8 }",true,true,true,0.000
8,26,"{ 1, 2, 3, 5, 6, 7, 8 }",true,true,true,0.000
8,27,"{ 1, 2, 3, 4, 5, 6, 8 }",true,true,true,0.000
8,27,"{ 1, 2, 3, 4, 5, 7, 8 }",true,true,true,0.000
8,27,"{ 2, 3, 4, 5, 6, 7, 8 }",true,true,true,0.000
8,27,"{ 1, 2, 3, 4, 5, 6, 7 }",true,true,true,0.000
8,27,"{ 1, 3, 4, 5, 6, 7, 8 }",true,true,true,0.000
8,27,"{ 1, 2, 3, 4, 6, 7, 8 }",true,true,true,0.000
8,27,"{ 1, 2, 4, 5, 6, 7, 8 }",true,true,true,0.000
8,27,"{ 1, 2, 3, 5, 6, 7, 8 }",true,true,true,0.000
8,28,"{ 1, 2, 3, 4, 5, 6, 8 }",true,true,true,0.460
8,28,"{ 1, 2, 3, 4, 5, 7, 8 }",true,true,true,0.460
8,28,"{ 2, 3, 4, 5, 6, 7, 8 }",true,true,true,0.460
8,28,"{ 1, 2, 3, 4, 5, 6, 7 }",true,true,true,0.460
8,28,"{ 1, 3, 4, 5, 6, 7, 8 }",true,true,true,0.460
8,28,"{ 1, 2, 3, 4, 6, 7, 8 }",true,true,true,0.460
8,28,"{ 1, 2, 4, 5, 6, 7, 8 }",true,true,true,0.460
8,28,"{ 1, 2, 3, 5, 6, 7, 8 }",true,true,true,0.460
8,29,"{ 1, 2, 3, 4, 5, 6, 8 }",true,true,true,0.910
8,29,"{ 1, 2, 3, 4, 5, 7, 8 }",true,true,true,0.910
8,29,"{ 2, 3, 4, 5, 6, 7, 8 }",true,true,true,0.910
8,29,"{ 1, 2, 3, 4, 5, 6, 7 }",true,true,true,0.910
8,29,"{ 1, 3, 4, 5, 6, 7, 8 }",true,true,true,0.910
8,29,"{ 1, 2, 3, 4, 6, 7, 8 }",true,true,true,0.910
8,29,"{ 1, 2, 4, 5, 6, 7, 8 }",true,true,true,0.910
8,29,"{ 1, 2, 3, 5, 6, 7, 8 }",true,true,true,0.910
9,30,"{ 5, 6, 8, 9 }",true,false,true,0.000
9,30,"{ 1, 2, 7, 8 }",true,false,true,0.000
9,30,"{ 1, 3, 7, 9 }",true,false,true,0.000
9,30,"{ 2, 3, 4, 7 }",true,false,true,0.000
9,30,"{ 1, 5, 6, 7 }",true,false,true,0.000
9,30,"{ 2, 5, 7, 9 }",true,false,true,0.000
9,30,"{ 1, 4, 8, 9 }",true,false,true,0.000
9,30,"{ 1, 2, 4, 5 }",true,false,true,0.000
9,30,"{ 1, 3, 4, 6 }",true,false,true,0.000
9,30,"{ 1, 3, 5, 8 }",true,false,true,0.000
9,30,"{ 4, 6, 7, 9 }",true,false,true,0.000
9,30,"{ 3, 6, 7, 8 }",true,false,true,0.000
9,30,"{ 2, 3, 8, 9 }",true,false,true,0.000
9,30,"{ 4, 5, 7, 8 }",true,false,true,0.000
9,30,"{ 3, 4, 5, 9 }",true,false,true,0.000
9,30,"{ 2, 3, 5, 6 }",true,false,true,0.000
9,30,"{ 1, 2, 6, 9 }",true,false,true,0.000
9,30,"{ 2, 4, 6, 8 }",true,false,true,0.000
9,31,"{ 2, 3, 4, 5, 6, 7, 8, 9 }",true,true,true,0.000
9,31,"{ 1, 2, 3, 4, 5, 6, 7, 8 }",true,true,true,0.000
9,31,"{ 1, 2, 3, 4, 6, 7, 8, 9 }",true,true,true,0.000
9,31,"{ 1, 2, 3, 5, 6, 7, 8, 9 }",true,true,true,0.000
9,31,"{ 1, 3, 4, 5, 6, 7, 8, 9 }",true,true,true,0.000
9,31,"{ 1, 2, 4, 5, 6, 7, 8, 9 }",true,true,true,0.000
9,31,"{ 1, 2, 3, 4, 5, 7, 8, 9 }",true,true,true,0.000
9,31,"{ 1, 2, 3, 4, 5, 6, 8, 9 }",true,true,true,0.000
9,31,"{ 1, 2, 3, 4, 5, 6, 7, 9 }",true,true,true,0.000
9,32,"{ 2, 3, 4, 5, 6, 7, 8, 9 }",true,true,true,0.010
9,32,"{ 1, 2, 3, 4, 5, 6, 7, 8 }",true,true,true,0.010
9,32,"{ 1, 2, 3, 4, 6, 7, 8, 9 }",true,true,true,0.010
9,32,"{ 1, 2, 3, 5, 6, 7, 8, 9 }",true,true,true,0.010
9,32,"{ 1, 3, 4, 5, 6, 7, 8, 9 }",true,true,true,0.010
9,32,"{ 1, 2, 4, 5, 6, 7, 8, 9 }",true,true,true,0.010
9,32,"{ 1, 2, 3, 4, 5, 7, 8, 9 }",true,true,true,0.010
9,32,"{ 1, 2, 3, 4, 5, 6, 8, 9 }",true,true,true,0.010
9,32,"{ 1, 2, 3, 4, 5, 6, 7, 9 }",true,true,true,0.010
9,33,"{ 5, 6, 8, 9 }",true,false,true,0.010
9,33,"{ 1, 2, 7, 8 }",true,false,true,0.010
9,33,"{ 1, 3, 7, 9 }",true,false,true,0.010
9,33,"{ 2, 3, 4, 7 }",true,false,true,0.010
9,33,"{ 1, 5, 6, 7 }",true,false,true,0.010
9,33,"{ 2, 5, 7, 9 }",true,false,true,0.010
9,33,"{ 1, 4, 8, 9 }",true,false,true,0.010
9,33,"{ 1, 2, 4, 5 }",true,false,true,0.010
9,33,"{ 1, 3, 4, 6 }",true,false,true,0.010
9,33,"{ 1, 3, 5, 8 }",true,false,true,0.010
9,33,"{ 4, 6, 7, 9 }",true,false,true,0.010
9,33,"{ 3, 6, 7, 8 }",true,false,true,0.010
9,33,"{ 2, 3, 8, 9 }",true,false,true,0.010
9,33,"{ 4, 5, 7, 8 }",true,false,true,0.010
9,33,"{ 3, 4, 5, 9 }",true,false,true,0.010
9,33,"{ 2, 3, 5, 6 }",true,false,true,0.010
9,33,"{ 1, 2, 6, 9 }",true,false,true,0.010
9,33,"{ 2, 4, 6, 8 }",true,false,true,0.010
9,34,"{ 2, 3, 4, 5, 6, 7, 8, 9 }",true,true,true,0.000
9,34,"{ 1, 2, 3, 4, 5, 6, 7, 8 }",true,true,true,0.000
9,34,"{ 1, 2, 3, 4, 6, 7, 8, 9 }",true,true,true,0.000
9,34,"{ 1, 2, 3, 5, 6, 7, 8, 9 }",true,true,true,0.000
9,34,"{ 1, 3, 4, 5, 6, 7, 8, 9 }",true,true,true,0.000
9,34,"{ 1, 2, 4, 5, 6, 7, 8, 9 }",true,true,true,0.000
9,34,"{ 1, 2, 3, 4, 5, 7, 8, 9 }",true,true,true,0.000
9,34,"{ 1, 2, 3, 4, 5, 6, 8, 9 }",true,true,true,0.000
9,34,"{ 1, 2, 3, 4, 5, 6, 7, 9 }",true,true,true,0.000
9,35,"{ 2, 3, 4, 5, 6, 7, 8, 9 }",true,true,true,0.000
9,35,"{ 1, 2, 3, 4, 5, 6, 7, 8 }",true,true,true,0.000
9,35,"{ 1, 2, 3, 4, 6, 7, 8, 9 }",true,true,true,0.000
9,35,"{ 1, 2, 3, 5, 6, 7, 8, 9 }",true,true,true,0.000
9,35,"{ 1, 3, 4, 5, 6, 7, 8, 9 }",true,true,true,0.000
9,35,"{ 1, 2, 4, 5, 6, 7, 8, 9 }",true,true,true,0.000
9,35,"{ 1, 2, 3, 4, 5, 7, 8, 9 }",true,true,true,0.000
9,35,"{ 1, 2, 3, 4, 5, 6, 8, 9 }",true,true,true,0.000
9,35,"{ 1, 2, 3, 4, 5, 6, 7, 9 }",true,true,true,0.000
9,36,"{ 2, 3, 4, 5, 6, 7, 8, 9 }",true,true,true,0.010
9,36,"{ 1, 2, 3, 4, 5, 6, 7, 8 }",true,true,true,0.010
9,36,"{ 1, 2, 3, 4, 6, 7, 8, 9 }",true,true,true,0.010
9,36,"{ 1, 2, 3, 5, 6, 7, 8, 9 }",true,true,true,0.010
9,36,"{ 1, 3, 4, 5, 6, 7, 8, 9 }",true,true,true,0.010
9,36,"{ 1, 2, 4, 5, 6, 7, 8, 9 }",true,true,true,0.010
9,36,"{ 1, 2, 3, 4, 5, 7, 8, 9 }",true,true,true,0.010
9,36,"{ 1, 2, 3, 4, 5, 6, 8, 9 }",true,true,true,0.010
9,36,"{ 1, 2, 3, 4, 5, 6, 7, 9 }",true,true,true,0.010
9,37,"{ 2, 3, 4, 5, 6, 7, 8, 9 }",true,true,true,0.010
9,37,"{ 1, 2, 3, 4, 5, 6, 7, 8 }",true,true,true,0.010
9,37,"{ 1, 2, 3, 4, 6, 7, 8, 9 }",true,true,true,0.010
9,37,"{ 1, 2, 3, 5, 6, 7, 8, 9 }",true,true,true,0.010
9,37,"{ 1, 3, 4, 5, 6, 7, 8, 9 }",true,true,true,0.010
9,37,"{ 1, 2, 4, 5, 6, 7, 8, 9 }",true,true,true,0.010
9,37,"{ 1, 2, 3, 4, 5, 7, 8, 9 }",true,true,true,0.010
9,37,"{ 1, 2, 3, 4, 5, 6, 8, 9 }",true,true,true,0.010
9,37,"{ 1, 2, 3, 4, 5, 6, 7, 9 }",true,true,true,0.010
9,38,"{ 2, 3, 4, 5, 6, 7, 8, 9 }",true,true,true,0.040
9,38,"{ 1, 2, 3, 4, 5, 6, 7, 8 }",true,true,true,0.040
9,38,"{ 1, 2, 3, 4, 6, 7, 8, 9 }",true,true,true,0.040
9,38,"{ 1, 2, 3, 5, 6, 7, 8, 9 }",true,true,true,0.040
9,38,"{ 1, 3, 4, 5, 6, 7, 8, 9 }",true,true,true,0.040
9,38,"{ 1, 2, 4, 5, 6, 7, 8, 9 }",true,true,true,0.040
9,38,"{ 1, 2, 3, 4, 5, 7, 8, 9 }",true,true,true,0.040
9,38,"{ 1, 2, 3, 4, 5, 6, 8, 9 }",true,true,true,0.040
9,38,"{ 1, 2, 3, 4, 5, 6, 7, 9 }",true,true,true,0.040
9,39,"{ 2, 3, 4, 5, 6, 7, 8, 9 }",true,true,true,4.400
9,39,"{ 1, 2, 3, 4, 5, 6, 7, 8 }",true,true,true,4.400
9,39,"{ 1, 2, 3, 4, 6, 7, 8, 9 }",true,true,true,4.400
9,39,"{ 1, 2, 3, 5, 6, 7, 8, 9 }",true,true,true,4.400
9,39,"{ 1, 3, 4, 5, 6, 7, 8, 9 }",true,true,true,4.400
9,39,"{ 1, 2, 4, 5, 6, 7, 8, 9 }",true,true,true,4.400
9,39,"{ 1, 2, 3, 4, 5, 7, 8, 9 }",true,true,true,4.400
9,39,"{ 1, 2, 3, 4, 5, 6, 8, 9 }",true,true,true,4.400
9,39,"{ 1, 2, 3, 4, 5, 6, 7, 9 }",true,true,true,4.400
9,40,"{ 2, 3, 4, 5, 6, 7, 8, 9 }",true,true,true,9.480
9,40,"{ 1, 2, 3, 4, 5, 6, 7, 8 }",true,true,true,9.480
9,40,"{ 1, 2, 3, 4, 6, 7, 8, 9 }",true,true,true,9.480
9,40,"{ 1, 2, 3, 5, 6, 7, 8, 9 }",true,true,true,9.480
9,40,"{ 1, 3, 4, 5, 6, 7, 8, 9 }",true,true,true,9.480
9,40,"{ 1, 2, 4, 5, 6, 7, 8, 9 }",true,true,true,9.480
9,40,"{ 1, 2, 3, 4, 5, 7, 8, 9 }",true,true,true,9.480
9,40,"{ 1, 2, 3, 4, 5, 6, 8, 9 }",true,true,true,9.480
9,40,"{ 1, 2, 3, 4, 5, 6, 7, 9 }",true,true,true,9.480
10,41,"{ 1, 4, 5, 6, 9, 10 }",true,false,true,0.010
10,41,"{ 1, 4, 7 }",true,false,true,0.010
10,41,"{ 1, 3, 6 }",true,false,true,0.010
10,41,"{ 1, 2, 4, 6, 8, 10 }",true,false,true,0.010
10,41,"{ 3, 4, 6, 7, 8, 9 }",true,false,true,0.010
10,41,"{ 1, 3, 5, 7, 8, 10 }",true,false,true,0.010
10,41,"{ 3, 4, 10 }",true,false,true,0.010
10,41,"{ 1, 2, 5 }",true,false,true,0.010
10,41,"{ 5, 6, 8 }",true,false,true,0.010
10,41,"{ 2, 4, 5, 7, 8, 10 }",true,false,true,0.010
10,41,"{ 1, 2, 6, 7, 8, 9 }",true,false,true,0.010
10,41,"{ 1, 3, 4, 5, 8, 9 }",true,false,true,0.010
10,41,"{ 1, 2, 3, 7, 9, 10 }",true,false,true,0.010
10,41,"{ 2, 3, 8 }",true,false,true,0.010
10,41,"{ 6, 7, 10 }",true,false,true,0.010
10,41,"{ 2, 3, 4, 5, 6, 7 }",true,false,true,0.010
10,41,"{ 2, 4, 9 }",true,false,true,0.010
10,41,"{ 2, 3, 5, 6, 9, 10 }",true,false,true,0.010
10,41,"{ 8, 9, 10 }",true,false,true,0.010
10,41,"{ 5, 7, 9 }",true,false,true,0.010
10,42,"{ 1, 4, 5, 6, 9, 10 }",true,false,true,0.010
10,42,"{ 1, 4, 7 }",true,false,true,0.010
10,42,"{ 1, 3, 6 }",true,false,true,0.010
10,42,"{ 1, 2, 4, 6, 8, 10 }",true,false,true,0.010
10,42,"{ 3, 4, 6, 7, 8, 9 }",true,false,true,0.010
10,42,"{ 1, 3, 5, 7, 8, 10 }",true,false,true,0.010
10,42,"{ 3, 4, 10 }",true,false,true,0.010
10,42,"{ 1, 2, 5 }",true,false,true,0.010
10,42,"{ 5, 6, 8 }",true,false,true,0.010
10,42,"{ 2, 4, 5, 7, 8, 10 }",true,false,true,0.010
10,42,"{ 1, 2, 6, 7, 8, 9 }",true,false,true,0.010
10,42,"{ 1, 3, 4, 5, 8, 9 }",true,false,true,0.010
10,42,"{ 1, 2, 3, 7, 9, 10 }",true,false,true,0.010
10,42,"{ 2, 3, 8 }",true,false,true,0.010
10,42,"{ 6, 7, 10 }",true,false,true,0.010
10,42,"{ 2, 3, 4, 5, 6, 7 }",true,false,true,0.010
10,42,"{ 2, 4, 9 }",true,false,true,0.010
10,42,"{ 2, 3, 5, 6, 9, 10 }",true,false,true,0.010
10,42,"{ 8, 9, 10 }",true,false,true,0.010
10,42,"{ 5, 7, 9 }",true,false,true,0.010
10,43,"{ 1, 2, 3, 4, 5, 6, 7, 9, 10 }",true,true,true,0.010
10,43,"{ 1, 2, 4, 5, 6, 7, 8, 9, 10 }",true,true,true,0.010
10,43,"{ 1, 3, 4, 5, 6, 7, 8, 9, 10 }",true,true,true,0.010
10,43,"{ 1, 2, 3, 4, 6, 7, 8, 9, 10 }",true,true,true,0.010
10,43,"{ 2, 3, 4, 5, 6, 7, 8, 9, 10 }",true,true,true,0.010
10,43,"{ 1, 2, 3, 4, 5, 6, 7, 8, 9 }",true,true,true,0.010
10,43,"{ 1, 2, 3, 5, 6, 7, 8, 9, 10 }",true,true,true,0.010
10,43,"{ 1, 2, 3, 4, 5, 7, 8, 9, 10 }",true,true,true,0.010
10,43,"{ 1, 2, 3, 4, 5, 6, 7, 8, 10 }",true,true,true,0.010
10,43,"{ 1, 2, 3, 4, 5, 6, 8, 9, 10 }",true,true,true,0.010
10,44,"{ 1, 2, 3, 4, 5, 6, 7, 9, 10 }",true,true,true,0.020
10,44,"{ 1, 2, 4, 5, 6, 7, 8, 9, 10 }",true,true,true,0.020
10,44,"{ 1, 3, 4, 5, 6, 7, 8, 9, 10 }",true,true,true,0.020
10,44,"{ 1, 2, 3, 4, 6, 7, 8, 9, 10 }",true,true,true,0.020
10,44,"{ 2, 3, 4, 5, 6, 7, 8, 9, 10 }",true,true,true,0.020
10,44,"{ 1, 2, 3, 4, 5, 6, 7, 8, 9 }",true,true,true,0.020
10,44,"{ 1, 2, 3, 5, 6, 7, 8, 9, 10 }",true,true,true,0.020
10,44,"{ 1, 2, 3, 4, 5, 7, 8, 9, 10 }",true,true,true,0.020
10,44,"{ 1, 2, 3, 4, 5, 6, 7, 8, 10 }",true,true,true,0.020
10,44,"{ 1, 2, 3, 4, 5, 6, 8, 9, 10 }",true,true,true,0.020
10,45,"{ 1, 2, 3, 4, 5, 6, 7, 9, 10 }",true,true,true,0.020
10,45,"{ 1, 2, 4, 5, 6, 7, 8, 9, 10 }",true,true,true,0.020
10,45,"{ 1, 3, 4, 5, 6, 7, 8, 9, 10 }",true,true,true,0.020
10,45,"{ 1, 2, 3, 4, 6, 7, 8, 9, 10 }",true,true,true,0.020
10,45,"{ 2, 3, 4, 5, 6, 7, 8, 9, 10 }",true,true,true,0.020
10,45,"{ 1, 2, 3, 4, 5, 6, 7, 8, 9 }",true,true,true,0.020
10,45,"{ 1, 2, 3, 5, 6, 7, 8, 9, 10 }",true,true,true,0.020
10,45,"{ 1, 2, 3, 4, 5, 7, 8, 9, 10 }",true,true,true,0.020
10,45,"{ 1, 2, 3, 4, 5, 6, 7, 8, 10 }",true,true,true,0.020
10,45,"{ 1, 2, 3, 4, 5, 6, 8, 9, 10 }",true,true,true,0.020
10,46,"{ 1, 2, 3, 4, 5, 6, 7, 9, 10 }",true,true,true,0.020
10,46,"{ 1, 2, 4, 5, 6, 7, 8, 9, 10 }",true,true,true,0.020
10,46,"{ 1, 3, 4, 5, 6, 7, 8, 9, 10 }",true,true,true,0.020
10,46,"{ 1, 2, 3, 4, 6, 7, 8, 9, 10 }",true,true,true,0.020
10,46,"{ 2, 3, 4, 5, 6, 7, 8, 9, 10 }",true,true,true,0.020
10,46,"{ 1, 2, 3, 4, 5, 6, 7, 8, 9 }",true,true,true,0.020
10,46,"{ 1, 2, 3, 5, 6, 7, 8, 9, 10 }",true,true,true,0.020
10,46,"{ 1, 2, 3, 4, 5, 7, 8, 9, 10 }",true,true,true,0.020
10,46,"{ 1, 2, 3, 4, 5, 6, 7, 8, 10 }",true,true,true,0.020
10,46,"{ 1, 2, 3, 4, 5, 6, 8, 9, 10 }",true,true,true,0.020
10,47,"{ 1, 2, 3, 4, 5, 6, 7, 9, 10 }",true,true,true,0.040
10,47,"{ 1, 2, 4, 5, 6, 7, 8, 9, 10 }",true,true,true,0.040
10,47,"{ 1, 3, 4, 5, 6, 7, 8, 9, 10 }",true,true,true,0.040
10,47,"{ 1, 2, 3, 4, 6, 7, 8, 9, 10 }",true,true,true,0.040
10,47,"{ 2, 3, 4, 5, 6, 7, 8, 9, 10 }",true,true,true,0.040
10,47,"{ 1, 2, 3, 4, 5, 6, 7, 8, 9 }",true,true,true,0.040
10,47,"{ 1, 2, 3, 5, 6, 7, 8, 9, 10 }",true,true,true,0.040
10,47,"{ 1, 2, 3, 4, 5, 7, 8, 9, 10 }",true,true,true,0.040
10,47,"{ 1, 2, 3, 4, 5, 6, 7, 8, 10 }",true,true,true,0.040
10,47,"{ 1, 2, 3, 4, 5, 6, 8, 9, 10 }",true,true,true,0.040
10,48,"{ 1, 2, 3, 4, 5, 6, 7, 9, 10 }",true,true,true,52.670
10,48,"{ 1, 2, 4, 5, 6, 7, 8, 9, 10 }",true,true,true,52.670
10,48,"{ 1, 3, 4, 5, 6, 7, 8, 9, 10 }",true,true,true,52.670
10,48,"{ 1, 2, 3, 4, 6, 7, 8, 9, 10 }",true,true,true,52.670
10,48,"{ 2, 3, 4, 5, 6, 7, 8, 9, 10 }",true,true,true,52.670
10,48,"{ 1, 2, 3, 4, 5, 6, 7, 8, 9 }",true,true,true,52.670
10,48,"{ 1, 2, 3, 5, 6, 7, 8, 9, 10 }",true,true,true,52.670
10,48,"{ 1, 2, 3, 4, 5, 7, 8, 9, 10 }",true,true,true,52.670
10,48,"{ 1, 2, 3, 4, 5, 6, 7, 8, 10 }",true,true,true,52.670
10,48,"{ 1, 2, 3, 4, 5, 6, 8, 9, 10 }",true,true,true,52.670
10,49,"{ 1, 2, 3, 4, 5, 6, 7, 9, 10 }",true,true,true,115.650
10,49,"{ 1, 2, 4, 5, 6, 7, 8, 9, 10 }",true,true,true,115.650
10,49,"{ 1, 3, 4, 5, 6, 7, 8, 9, 10 }",true,true,true,115.650
10,49,"{ 1, 2, 3, 4, 6, 7, 8, 9, 10 }",true,true,true,115.650
10,49,"{ 2, 3, 4, 5, 6, 7, 8, 9, 10 }",true,true,true,115.650
10,49,"{ 1, 2, 3, 4, 5, 6, 7, 8, 9 }",true,true,true,115.650
10,49,"{ 1, 2, 3, 5, 6, 7, 8, 9, 10 }",true,true,true,115.650
10,49,"{ 1, 2, 3, 4, 5, 7, 8, 9, 10 }",true,true,true,115.650
10,49,"{ 1, 2, 3, 4, 5, 6, 7, 8, 10 }",true,true,true,115.650
10,49,"{ 1, 2, 3, 4, 5, 6, 8, 9, 10 }",true,true,true,115.650
11,50,"{ 3 }",true,false,true,0.000
11,50,"{ 9 }",true,false,true,0.000
11,50,"{ 6 }",true,false,true,0.000
11,50,"{ 1 }",true,false,true,0.000
11,50,"{ 5 }",true,false,true,0.000
11,50,"{ 7 }",true,false,true,0.000
11,50,"{ 2 }",true,false,true,0.000
11,50,"{ 4 }",true,false,true,0.000
11,50,"{ 11 }",true,false,true,0.000
11,50,"{ 8 }",true,false,true,0.000
11,50,"{ 10 }",true,false,true,0.000
11,51,"{ 2, 11 }",true,false,true,0.010
11,51,"{ 4, 8 }",true,false,true,0.010
11,51,"{ 4, 9 }",true,false,true,0.010
11,51,"{ 7, 11 }",true,false,true,0.010
11,51,"{ 7, 9 }",true,false,true,0.010
11,51,"{ 8, 9 }",true,false,true,0.010
11,51,"{ 2, 10 }",true,false,true,0.010
11,51,"{ 8, 11 }",true,false,true,0.010
11,51,"{ 1, 2 }",true,false,true,0.010
11,51,"{ 1, 10 }",true,false,true,0.010
11,51,"{ 4, 11 }",true,false,true,0.010
11,51,"{ 4, 10 }",true,false,true,0.010
11,51,"{ 5, 10 }",true,false,true,0.010
11,51,"{ 7, 8 }",true,false,true,0.010
11,51,"{ 1, 6 }",true,false,true,0.010
11,51,"{ 3, 5 }",true,false,true,0.010
11,51,"{ 2, 6 }",true,false,true,0.010
11,51,"{ 1, 4 }",true,false,true,0.010
11,51,"{ 5, 11 }",true,false,true,0.010
11,51,"{ 6, 10 }",true,false,true,0.010
11,51,"{ 4, 7 }",true,false,true,0.010
11,51,"{ 3, 8 }",true,false,true,0.010
11,51,"{ 9, 11 }",true,false,true,0.010
11,51,"{ 3, 9 }",true,false,true,0.010
11,51,"{ 6, 7 }",true,false,true,0.010
11,51,"{ 2, 4 }",true,false,true,0.010
11,51,"{ 5, 8 }",true,false,true,0.010
11,51,"{ 4, 6 }",true,false,true,0.010
11,51,"{ 5, 9 }",true,false,true,0.010
11,51,"{ 8, 10 }",true,false,true,0.010
11,51,"{ 5, 7 }",true,false,true,0.010
11,51,"{ 1, 7 }",true,false,true,0.010
11,51,"{ 3, 4 }",true,false,true,0.010
11,51,"{ 7, 10 }",true,false,true,0.010
11,51,"{ 2, 7 }",true,false,true,0.010
11,51,"{ 3, 11 }",true,false,true,0.010
11,51,"{ 3, 7 }",true,false,true,0.010
11,51,"{ 9, 10 }",true,false,true,0.010
11,51,"{ 2, 3 }",true,false,true,0.010
11,51,"{ 10, 11 }",true,false,true,0.010
11,51,"{ 5, 6 }",true,false,true,0.010
11,51,"{ 2, 5 }",true,false,true,0.010
11,51,"{ 1, 3 }",true,false,true,0.010
11,51,"{ 4, 5 }",true,false,true,0.010
11,51,"{ 1, 5 }",true,false,true,0.010
11,51,"{ 3, 6 }",true,false,true,0.010
11,51,"{ 1, 8 }",true,false,true,0.010
11,51,"{ 2, 9 }",true,false,true,0.010
11,51,"{ 6, 11 }",true,false,true,0.010
11,51,"{ 1, 9 }",true,false,true,0.010
11,51,"{ 2, 8 }",true,false,true,0.010
11,51,"{ 1, 11 }",true,false,true,0.010
11,51,"{ 6, 8 }",true,false,true,0.010
11,51,"{ 3, 10 }",true,false,true,0.010
11,51,"{ 6, 9 }",true,false,true,0.010
11,52,"{ 2, 3, 4, 8, 11 }",true,true,true,0.000
11,52,"{ 1, 2, 3, 5, 8 }",true,true,true,0.000
11,52,"{ 1, 5, 8, 10, 11 }",true,true,true,0.000
11,52,"{ 4, 5, 6, 8, 11 }",true,true,true,0.000
11,52,"{ 3, 4, 5, 7, 10 }",true,true,true,0.000
11,52,"{ 1, 2, 4, 7, 11 }",true,true,true,0.000
11,52,"{ 3, 7, 8, 9, 11 }",true,true,true,0.000
11,52,"{ 1, 2, 6, 9, 11 }",true,true,true,0.000
11,52,"{ 1, 3, 4, 5, 9 }",true,true,true,0.000
11,52,"{ 2, 5, 7, 8, 9 }",true,true,true,0.000
11,52,"{ 1, 4, 8, 9, 10 }",true,true,true,0.000
11,52,"{ 3, 5, 6, 7, 11 }",true,true,true,0.000
11,52,"{ 2, 4, 5, 6, 10 }",true,true,true,0.000
11,52,"{ 3, 6, 8, 9, 10 }",true,true,true,0.000
11,52,"{ 1, 5, 6, 7, 9 }",true,true,true,0.000
11,52,"{ 2, 5, 9, 10, 11 }",true,true,true,0.000
11,52,"{ 2, 3, 4, 6, 9 }",true,true,true,0.000
11,52,"{ 1, 2, 3, 7, 10 }",true,true,true,0.000
11,52,"{ 2, 6, 7, 8, 10 }",true,true,true,0.000
11,52,"{ 4, 7, 9, 10, 11 }",true,true,true,0.000
11,52,"{ 1, 4, 6, 7, 8 }",true,true,true,0.000
11,52,"{ 1, 3, 6, 10, 11 }",true,true,true,0.000
11,53,"{ 1, 2, 3, 4, 5, 7, 8, 9, 10, 11 }",true,true,true,0.010
11,53,"{ 1, 2, 3, 4, 5, 6, 7, 9, 10, 11 }",true,true,true,0.010
11,53,"{ 2, 3, 4, 5, 6, 7, 8, 9, 10, 11 }",true,true,true,0.010
11,53,"{ 1, 2, 3, 5, 6, 7, 8, 9, 10, 11 }",true,true,true,0.010
11,53,"{ 1, 2, 3, 4, 5, 6, 7, 8, 9, 10 }",true,true,true,0.010
11,53,"{ 1, 2, 3, 4, 5, 6, 7, 8, 10, 11 }",true,true,true,0.010
11,53,"{ 1, 2, 4, 5, 6, 7, 8, 9, 10, 11 }",true,true,true,0.010
11,53,"{ 1, 3, 4, 5, 6, 7, 8, 9, 10, 11 }",true,true,true,0.010
11,53,"{ 1, 2, 3, 4, 6, 7, 8, 9, 10, 11 }",true,true,true,0.010
11,53,"{ 1, 2, 3, 4, 5, 6, 7, 8, 9, 11 }",true,true,true,0.010
11,53,"{ 1, 2, 3, 4, 5, 6, 8, 9, 10, 11 }",true,true,true,0.010
11,54,"{ 1, 2, 3, 4, 5, 7, 8, 9, 10, 11 }",true,true,true,0.020
11,54,"{ 1, 2, 3, 4, 5, 6, 7, 9, 10, 11 }",true,true,true,0.020
11,54,"{ 2, 3, 4, 5, 6, 7, 8, 9, 10, 11 }",true,true,true,0.020
11,54,"{ 1, 2, 3, 5, 6, 7, 8, 9, 10, 11 }",true,true,true,0.020
11,54,"{ 1, 2, 3, 4, 5, 6, 7, 8, 9, 10 }",true,true,true,0.020
11,54,"{ 1, 2, 3, 4, 5, 6, 7, 8, 10, 11 }",true,true,true,0.020
11,54,"{ 1, 2, 4, 5, 6, 7, 8, 9, 10, 11 }",true,true,true,0.020
11,54,"{ 1, 3, 4, 5, 6, 7, 8, 9, 10, 11 }",true,true,true,0.020
11,54,"{ 1, 2, 3, 4, 6, 7, 8, 9, 10, 11 }",true,true,true,0.020
11,54,"{ 1, 2, 3, 4, 5, 6, 7, 8, 9, 11 }",true,true,true,0.020
11,54,"{ 1, 2, 3, 4, 5, 6, 8, 9, 10, 11 }",true,true,true,0.020
11,55,"{ 1, 2, 3, 4, 5, 7, 8, 9, 10, 11 }",true,true,true,0.270
11,55,"{ 1, 2, 3, 4, 5, 6, 7, 9, 10, 11 }",true,true,true,0.270
11,55,"{ 2, 3, 4, 5, 6, 7, 8, 9, 10, 11 }",true,true,true,0.270
11,55,"{ 1, 2, 3, 5, 6, 7, 8, 9, 10, 11 }",true,true,true,0.270
11,55,"{ 1, 2, 3, 4, 5, 6, 7, 8, 9, 10 }",true,true,true,0.270
11,55,"{ 1, 2, 3, 4, 5, 6, 7, 8, 10, 11 }",true,true,true,0.270
11,55,"{ 1, 2, 4, 5, 6, 7, 8, 9, 10, 11 }",true,true,true,0.270
11,55,"{ 1, 3, 4, 5, 6, 7, 8, 9, 10, 11 }",true,true,true,0.270
11,55,"{ 1, 2, 3, 4, 6, 7, 8, 9, 10, 11 }",true,true,true,0.270
11,55,"{ 1, 2, 3, 4, 5, 6, 7, 8, 9, 11 }",true,true,true,0.270
11,55,"{ 1, 2, 3, 4, 5, 6, 8, 9, 10, 11 }",true,true,true,0.270
11,56,"{ 1, 2, 3, 4, 5, 7, 8, 9, 10, 11 }",true,true,true,697.020
11,56,"{ 1, 2, 3, 4, 5, 6, 7, 9, 10, 11 }",true,true,true,697.020
11,56,"{ 2, 3, 4, 5, 6, 7, 8, 9, 10, 11 }",true,true,true,697.020
11,56,"{ 1, 2, 3, 5, 6, 7, 8, 9, 10, 11 }",true,true,true,697.020
11,56,"{ 1, 2, 3, 4, 5, 6, 7, 8, 9, 10 }",true,true,true,697.020
11,56,"{ 1, 2, 3, 4, 5, 6, 7, 8, 10, 11 }",true,true,true,697.020
11,56,"{ 1, 2, 4, 5, 6, 7, 8, 9, 10, 11 }",true,true,true,697.020
11,56,"{ 1, 3, 4, 5, 6, 7, 8, 9, 10, 11 }",true,true,true,697.020
11,56,"{ 1, 2, 3, 4, 6, 7, 8, 9, 10, 11 }",true,true,true,697.020
11,56,"{ 1, 2, 3, 4, 5, 6, 7, 8, 9, 11 }",true,true,true,697.020
11,56,"{ 1, 2, 3, 4, 5, 6, 8, 9, 10, 11 }",true,true,true,697.020
11,57,"{ 1, 2, 3, 4, 5, 7, 8, 9, 10, 11 }",true,true,true,1558.120
11,57,"{ 1, 2, 3, 4, 5, 6, 7, 9, 10, 11 }",true,true,true,1558.120
11,57,"{ 2, 3, 4, 5, 6, 7, 8, 9, 10, 11 }",true,true,true,1558.120
11,57,"{ 1, 2, 3, 5, 6, 7, 8, 9, 10, 11 }",true,true,true,1558.120
11,57,"{ 1, 2, 3, 4, 5, 6, 7, 8, 9, 10 }",true,true,true,1558.120
11,57,"{ 1, 2, 3, 4, 5, 6, 7, 8, 10, 11 }",true,true,true,1558.120
11,57,"{ 1, 2, 4, 5, 6, 7, 8, 9, 10, 11 }",true,true,true,1558.120
11,57,"{ 1, 3, 4, 5, 6, 7, 8, 9, 10, 11 }",true,true,true,1558.120
11,57,"{ 1, 2, 3, 4, 6, 7, 8, 9, 10, 11 }",true,true,true,1558.120
11,57,"{ 1, 2, 3, 4, 5, 6, 7, 8, 9, 11 }",true,true,true,1558.120
11,57,"{ 1, 2, 3, 4, 5, 6, 8, 9, 10, 11 }",true,true,true,1558.120
12,58,"{ 1, 2, 3, 4, 5, 6, 7, 9, 10, 11, 12 }",true,true,true,0.020
12,58,"{ 1, 2, 3, 4, 6, 7, 8, 9, 10, 11, 12 }",true,true,true,0.020
12,58,"{ 1, 2, 3, 4, 5, 6, 7, 8, 10, 11, 12 }",true,true,true,0.020
12,58,"{ 1, 2, 4, 5, 6, 7, 8, 9, 10, 11, 12 }",true,true,true,0.020
12,58,"{ 1, 2, 3, 4, 5, 6, 7, 8, 9, 11, 12 }",true,true,true,0.020
12,58,"{ 1, 2, 3, 4, 5, 6, 7, 8, 9, 10, 11 }",true,true,true,0.020
12,58,"{ 1, 2, 3, 4, 5, 6, 8, 9, 10, 11, 12 }",true,true,true,0.020
12,58,"{ 1, 2, 3, 5, 6, 7, 8, 9, 10, 11, 12 }",true,true,true,0.020
12,58,"{ 1, 2, 3, 4, 5, 7, 8, 9, 10, 11, 12 }",true,true,true,0.020
12,58,"{ 1, 2, 3, 4, 5, 6, 7, 8, 9, 10, 12 }",true,true,true,0.020
12,58,"{ 2, 3, 4, 5, 6, 7, 8, 9, 10, 11, 12 }",true,true,true,0.020
12,58,"{ 1, 3, 4, 5, 6, 7, 8, 9, 10, 11, 12 }",true,true,true,0.020
12,59,"{ 1, 2, 3, 4, 5, 6, 7, 9, 10, 11, 12 }",true,true,true,0.050
12,59,"{ 1, 2, 3, 4, 6, 7, 8, 9, 10, 11, 12 }",true,true,true,0.050
12,59,"{ 1, 2, 3, 4, 5, 6, 7, 8, 10, 11, 12 }",true,true,true,0.050
12,59,"{ 1, 2, 4, 5, 6, 7, 8, 9, 10, 11, 12 }",true,true,true,0.050
12,59,"{ 1, 2, 3, 4, 5, 6, 7, 8, 9, 11, 12 }",true,true,true,0.050
12,59,"{ 1, 2, 3, 4, 5, 6, 7, 8, 9, 10, 11 }",true,true,true,0.050
12,59,"{ 1, 2, 3, 4, 5, 6, 8, 9, 10, 11, 12 }",true,true,true,0.050
12,59,"{ 1, 2, 3, 5, 6, 7, 8, 9, 10, 11, 12 }",true,true,true,0.050
12,59,"{ 1, 2, 3, 4, 5, 7, 8, 9, 10, 11, 12 }",true,true,true,0.050
12,59,"{ 1, 2, 3, 4, 5, 6, 7, 8, 9, 10, 12 }",true,true,true,0.050
12,59,"{ 2, 3, 4, 5, 6, 7, 8, 9, 10, 11, 12 }",true,true,true,0.050
12,59,"{ 1, 3, 4, 5, 6, 7, 8, 9, 10, 11, 12 }",true,true,true,0.050
12,60,"{ 1, 2, 3, 4, 5, 6, 7, 9, 10, 11, 12 }",true,true,true,0.320
12,60,"{ 1, 2, 3, 4, 6, 7, 8, 9, 10, 11, 12 }",true,true,true,0.320
12,60,"{ 1, 2, 3, 4, 5, 6, 7, 8, 10, 11, 12 }",true,true,true,0.320
12,60,"{ 1, 2, 4, 5, 6, 7, 8, 9, 10, 11, 12 }",true,true,true,0.320
12,60,"{ 1, 2, 3, 4, 5, 6, 7, 8, 9, 11, 12 }",true,true,true,0.320
12,60,"{ 1, 2, 3, 4, 5, 6, 7, 8, 9, 10, 11 }",true,true,true,0.320
12,60,"{ 1, 2, 3, 4, 5, 6, 8, 9, 10, 11, 12 }",true,true,true,0.320
12,60,"{ 1, 2, 3, 5, 6, 7, 8, 9, 10, 11, 12 }",true,true,true,0.320
12,60,"{ 1, 2, 3, 4, 5, 7, 8, 9, 10, 11, 12 }",true,true,true,0.320
12,60,"{ 1, 2, 3, 4, 5, 6, 7, 8, 9, 10, 12 }",true,true,true,0.320
12,60,"{ 2, 3, 4, 5, 6, 7, 8, 9, 10, 11, 12 }",true,true,true,0.320
12,60,"{ 1, 3, 4, 5, 6, 7, 8, 9, 10, 11, 12 }",true,true,true,0.320
12,61,"{ 1, 2, 3, 4, 5, 6, 7, 9, 10, 11, 12 }",true,true,true,3.560
12,61,"{ 1, 2, 3, 4, 6, 7, 8, 9, 10, 11, 12 }",true,true,true,3.560
12,61,"{ 1, 2, 3, 4, 5, 6, 7, 8, 10, 11, 12 }",true,true,true,3.560
12,61,"{ 1, 2, 4, 5, 6, 7, 8, 9, 10, 11, 12 }",true,true,true,3.560
12,61,"{ 1, 2, 3, 4, 5, 6, 7, 8, 9, 11, 12 }",true,true,true,3.560
12,61,"{ 1, 2, 3, 4, 5, 6, 7, 8, 9, 10, 11 }",true,true,true,3.560
12,61,"{ 1, 2, 3, 4, 5, 6, 8, 9, 10, 11, 12 }",true,true,true,3.560
12,61,"{ 1, 2, 3, 5, 6, 7, 8, 9, 10, 11, 12 }",true,true,true,3.560
12,61,"{ 1, 2, 3, 4, 5, 7, 8, 9, 10, 11, 12 }",true,true,true,3.560
12,61,"{ 1, 2, 3, 4, 5, 6, 7, 8, 9, 10, 12 }",true,true,true,3.560
12,61,"{ 2, 3, 4, 5, 6, 7, 8, 9, 10, 11, 12 }",true,true,true,3.560
12,61,"{ 1, 3, 4, 5, 6, 7, 8, 9, 10, 11, 12 }",true,true,true,3.560
12,62,"{ 1, 2, 3, 4, 5, 6, 7, 9, 10, 11, 12 }",true,true,true,10337.110
12,62,"{ 1, 2, 3, 4, 6, 7, 8, 9, 10, 11, 12 }",true,true,true,10337.110
12,62,"{ 1, 2, 3, 4, 5, 6, 7, 8, 10, 11, 12 }",true,true,true,10337.110
12,62,"{ 1, 2, 4, 5, 6, 7, 8, 9, 10, 11, 12 }",true,true,true,10337.110
12,62,"{ 1, 2, 3, 4, 5, 6, 7, 8, 9, 11, 12 }",true,true,true,10337.110
12,62,"{ 1, 2, 3, 4, 5, 6, 7, 8, 9, 10, 11 }",true,true,true,10337.110
12,62,"{ 1, 2, 3, 4, 5, 6, 8, 9, 10, 11, 12 }",true,true,true,10337.110
12,62,"{ 1, 2, 3, 5, 6, 7, 8, 9, 10, 11, 12 }",true,true,true,10337.110
12,62,"{ 1, 2, 3, 4, 5, 7, 8, 9, 10, 11, 12 }",true,true,true,10337.110
12,62,"{ 1, 2, 3, 4, 5, 6, 7, 8, 9, 10, 12 }",true,true,true,10337.110
12,62,"{ 2, 3, 4, 5, 6, 7, 8, 9, 10, 11, 12 }",true,true,true,10337.110
12,62,"{ 1, 3, 4, 5, 6, 7, 8, 9, 10, 11, 12 }",true,true,true,10337.110
12,63,"{ 1, 2, 3, 4, 5, 6, 7, 9, 10, 11, 12 }",true,true,true,22948.280
12,63,"{ 1, 2, 3, 4, 6, 7, 8, 9, 10, 11, 12 }",true,true,true,22948.280
12,63,"{ 1, 2, 3, 4, 5, 6, 7, 8, 10, 11, 12 }",true,true,true,22948.280
12,63,"{ 1, 2, 4, 5, 6, 7, 8, 9, 10, 11, 12 }",true,true,true,22948.280
12,63,"{ 1, 2, 3, 4, 5, 6, 7, 8, 9, 11, 12 }",true,true,true,22948.280
12,63,"{ 1, 2, 3, 4, 5, 6, 7, 8, 9, 10, 11 }",true,true,true,22948.280
12,63,"{ 1, 2, 3, 4, 5, 6, 8, 9, 10, 11, 12 }",true,true,true,22948.280
12,63,"{ 1, 2, 3, 5, 6, 7, 8, 9, 10, 11, 12 }",true,true,true,22948.280
12,63,"{ 1, 2, 3, 4, 5, 7, 8, 9, 10, 11, 12 }",true,true,true,22948.280
12,63,"{ 1, 2, 3, 4, 5, 6, 7, 8, 9, 10, 12 }",true,true,true,22948.280
12,63,"{ 2, 3, 4, 5, 6, 7, 8, 9, 10, 11, 12 }",true,true,true,22948.280
12,63,"{ 1, 3, 4, 5, 6, 7, 8, 9, 10, 11, 12 }",true,true,true,22948.280
13,64,"{ 4 }",true,false,true,0.000
13,64,"{ 6 }",true,false,true,0.000
13,64,"{ 12 }",true,false,true,0.000
13,64,"{ 3 }",true,false,true,0.000
13,64,"{ 1 }",true,false,true,0.000
13,64,"{ 2 }",true,false,true,0.000
13,64,"{ 7 }",true,false,true,0.000
13,64,"{ 11 }",true,false,true,0.000
13,64,"{ 5 }",true,false,true,0.000
13,64,"{ 13 }",true,false,true,0.000
13,64,"{ 8 }",true,false,true,0.000
13,64,"{ 10 }",true,false,true,0.000
13,64,"{ 9 }",true,false,true,0.000
13,65,"{ 6, 12 }",true,false,true,0.000
13,65,"{ 8, 10 }",true,false,true,0.000
13,65,"{ 4, 7 }",true,false,true,0.000
13,65,"{ 7, 11 }",true,false,true,0.000
13,65,"{ 2, 12 }",true,false,true,0.000
13,65,"{ 10, 12 }",true,false,true,0.000
13,65,"{ 3, 6 }",true,false,true,0.000
13,65,"{ 9, 12 }",true,false,true,0.000
13,65,"{ 6, 9 }",true,false,true,0.000
13,65,"{ 1, 5 }",true,false,true,0.000
13,65,"{ 2, 10 }",true,false,true,0.000
13,65,"{ 6, 10 }",true,false,true,0.000
13,65,"{ 4, 5 }",true,false,true,0.000
13,65,"{ 4, 13 }",true,false,true,0.000
13,65,"{ 2, 6 }",true,false,true,0.000
13,65,"{ 1, 10 }",true,false,true,0.000
13,65,"{ 1, 8 }",true,false,true,0.000
13,65,"{ 5, 13 }",true,false,true,0.000
13,65,"{ 9, 11 }",true,false,true,0.000
13,65,"{ 3, 9 }",true,false,true,0.000
13,65,"{ 10, 13 }",true,false,true,0.000
13,65,"{ 5, 11 }",true,false,true,0.000
13,65,"{ 3, 12 }",true,false,true,0.000
13,65,"{ 1, 12 }",true,false,true,0.000
13,65,"{ 6, 7 }",true,false,true,0.000
13,65,"{ 3, 8 }",true,false,true,0.000
13,65,"{ 5, 7 }",true,false,true,0.000
13,65,"{ 1, 11 }",true,false,true,0.000
13,65,"{ 2, 7 }",true,false,true,0.000
13,65,"{ 4, 8 }",true,false,true,0.000
13,65,"{ 6, 11 }",true,false,true,0.000
13,65,"{ 7, 9 }",true,false,true,0.000
13,65,"{ 2, 5 }",true,false,true,0.000
13,65,"{ 9, 10 }",true,false,true,0.000
13,65,"{ 5, 6 }",true,false,true,0.000
13,65,"{ 8, 12 }",true,false,true,0.000
13,65,"{ 10, 11 }",true,false,true,0.000
13,65,"{ 2, 11 }",true,false,true,0.000
13,65,"{ 5, 10 }",true,false,true,0.000
13,65,"{ 4, 6 }",true,false,true,0.000
13,65,"{ 8, 11 }",true,false,true,0.000
13,65,"{ 1, 4 }",true,false,true,0.000
13,65,"{ 2, 4 }",true,false,true,0.000
13,65,"{ 1, 3 }",true,false,true,0.000
13,65,"{ 3, 4 }",true,false,true,0.000
13,65,"{ 11, 13 }",true,false,true,0.000
13,65,"{ 3, 5 }",true,false,true,0.000
13,65,"{ 7, 13 }",true,false,true,0.000
13,65,"{ 11, 12 }",true,false,true,0.000
13,65,"{ 2, 8 }",true,false,true,0.000
13,65,"{ 6, 8 }",true,false,true,0.000
13,65,"{ 9, 13 }",true,false,true,0.000
13,65,"{ 3, 13 }",true,false,true,0.000
13,65,"{ 8, 13 }",true,false,true,0.000
13,65,"{ 2, 13 }",true,false,true,0.000
13,65,"{ 6, 13 }",true,false,true,0.000
13,65,"{ 1, 7 }",true,false,true,0.000
13,65,"{ 1, 6 }",true,false,true,0.000
13,65,"{ 5, 9 }",true,false,true,0.000
13,65,"{ 12, 13 }",true,false,true,0.000
13,65,"{ 5, 12 }",true,false,true,0.000
13,65,"{ 4, 12 }",true,false,true,0.000
13,65,"{ 1, 2 }",true,false,true,0.000
13,65,"{ 4, 9 }",true,false,true,0.000
13,65,"{ 1, 9 }",true,false,true,0.000
13,65,"{ 7, 10 }",true,false,true,0.000
13,65,"{ 7, 12 }",true,false,true,0.000
13,65,"{ 4, 10 }",true,false,true,0.000
13,65,"{ 1, 13 }",true,false,true,0.000
13,65,"{ 3, 11 }",true,false,true,0.000
13,65,"{ 7, 8 }",true,false,true,0.000
13,65,"{ 5, 8 }",true,false,true,0.000
13,65,"{ 2, 3 }",true,false,true,0.000
13,65,"{ 3, 7 }",true,false,true,0.000
13,65,"{ 4, 11 }",true,false,true,0.000
13,65,"{ 3, 10 }",true,false,true,0.000
13,65,"{ 8, 9 }",true,false,true,0.000
13,65,"{ 2, 9 }",true,false,true,0.000
13,66,"{ 3, 5, 11 }",true,false,true,0.000
13,66,"{ 5, 8, 9 }",true,false,true,0.000
13,66,"{ 5, 6, 9 }",true,false,true,0.000
13,66,"{ 3, 12, 13 }",true,false,true,0.000
13,66,"{ 1, 4, 13 }",true,false,true,0.000
13,66,"{ 5, 7, 12 }",true,false,true,0.000
13,66,"{ 3, 9, 11 }",true,false,true,0.000
13,66,"{ 1, 6, 12 }",true,false,true,0.000
13,66,"{ 2, 8, 10 }",true,false,true,0.000
13,66,"{ 5, 11, 13 }",true,false,true,0.000
13,66,"{ 2, 7, 9 }",true,false,true,0.000
13,66,"{ 2, 8, 13 }",true,false,true,0.000
13,66,"{ 1, 6, 8 }",true,false,true,0.000
13,66,"{ 6, 8, 13 }",true,false,true,0.000
13,66,"{ 3, 6, 7 }",true,false,true,0.000
13,66,"{ 1, 4, 5 }",true,false,true,0.000
13,66,"{ 2, 3, 12 }",true,false,true,0.000
13,66,"{ 3, 5, 10 }",true,false,true,0.000
13,66,"{ 8, 11, 12 }",true,false,true,0.000
13,66,"{ 4, 10, 12 }",true,false,true,0.000
13,66,"{ 2, 5, 6 }",true,false,true,0.000
13,66,"{ 1, 2, 5 }",true,false,true,0.000
13,66,"{ 1, 7, 9 }",true,false,true,0.000
13,66,"{ 7, 10, 11 }",true,false,true,0.000
13,66,"{ 2, 11, 12 }",true,false,true,0.000
13,66,"{ 1, 7, 12 }",true,false,true,0.000
13,66,"{ 2, 7, 13 }",true,false,true,0.000
13,66,"{ 3, 4, 7 }",true,false,true,0.000
13,66,"{ 9, 10, 13 }",true,false,true,0.000
13,66,"{ 6, 11, 13 }",true,false,true,0.000
13,66,"{ 9, 12, 13 }",true,false,true,0.000
13,66,"{ 5, 7, 13 }",true,false,true,0.000
13,66,"{ 4, 5, 8 }",true,false,true,0.000
13,66,"{ 4, 7, 8 }",true,false,true,0.000
13,66,"{ 3, 8, 10 }",true,false,true,0.000
13,66,"{ 6, 9, 10 }",true,false,true,0.000
13,66,"{ 1, 10, 13 }",true,false,true,0.000
13,66,"{ 4, 6, 11 }",true,false,true,0.000
13,66,"{ 2, 4, 10 }",true,false,true,0.000
13,66,"{ 1, 2, 11 }",true,false,true,0.000
13,66,"{ 8, 9, 12 }",true,false,true,0.000
13,66,"{ 2, 3, 6 }",true,false,true,0.000
13,66,"{ 7, 8, 11 }",true,false,true,0.000
13,66,"{ 4, 6, 12 }",true,false,true,0.000
13,66,"{ 1, 10, 11 }",true,false,true,0.000
13,66,"{ 4, 9, 11 }",true,false,true,0.000
13,66,"{ 2, 4, 9 }",true,false,true,0.000
13,66,"{ 6, 7, 10 }",true,false,true,0.000
13,66,"{ 1, 3, 8 }",true,false,true,0.000
13,66,"{ 3, 4, 13 }",true,false,true,0.000
13,66,"{ 1, 3, 9 }",true,false,true,0.000
13,66,"{ 5, 10, 12 }",true,false,true,0.000
13,67,"{ 3, 5, 6, 8 }",true,false,true,0.000
13,67,"{ 4, 5, 9, 10 }",true,false,true,0.000
13,67,"{ 2, 4, 8, 11 }",true,false,true,0.000
13,67,"{ 1, 5, 6, 13 }",true,false,true,0.000
13,67,"{ 5, 6, 10, 11 }",true,false,true,0.000
13,67,"{ 3, 5, 9, 12 }",true,false,true,0.000
13,67,"{ 1, 5, 7, 11 }",true,false,true,0.000
13,67,"{ 2, 10, 12, 13 }",true,false,true,0.000
13,67,"{ 4, 5, 12, 13 }",true,false,true,0.000
13,67,"{ 6, 8, 9, 11 }",true,false,true,0.000
13,67,"{ 6, 7, 11, 12 }",true,false,true,0.000
13,67,"{ 1, 2, 9, 10 }",true,false,true,0.000
13,67,"{ 3, 4, 8, 9 }",true,false,true,0.000
13,67,"{ 2, 3, 5, 13 }",true,false,true,0.000
13,67,"{ 1, 2, 4, 12 }",true,false,true,0.000
13,67,"{ 1, 8, 9, 13 }",true,false,true,0.000
13,67,"{ 7, 8, 12, 13 }",true,false,true,0.000
13,67,"{ 1, 9, 11, 12 }",true,false,true,0.000
13,67,"{ 1, 5, 8, 12 }",true,false,true,0.000
13,67,"{ 5, 7, 8, 10 }",true,false,true,0.000
13,67,"{ 1, 4, 8, 10 }",true,false,true,0.000
13,67,"{ 2, 4, 5, 7 }",true,false,true,0.000
13,67,"{ 2, 6, 8, 12 }",true,false,true,0.000
13,67,"{ 4, 7, 11, 13 }",true,false,true,0.000
13,67,"{ 3, 7, 9, 13 }",true,false,true,0.000
13,67,"{ 1, 3, 7, 10 }",true,false,true,0.000
13,67,"{ 1, 2, 6, 7 }",true,false,true,0.000
13,67,"{ 7, 9, 10, 12 }",true,false,true,0.000
13,67,"{ 1, 3, 11, 13 }",true,false,true,0.000
13,67,"{ 2, 3, 10, 11 }",true,false,true,0.000
13,67,"{ 4, 6, 7, 9 }",true,false,true,0.000
13,67,"{ 8, 10, 11, 13 }",true,false,true,0.000
13,67,"{ 2, 3, 7, 8 }",true,false,true,0.000
13,67,"{ 3, 6, 10, 12 }",true,false,true,0.000
13,67,"{ 2, 6, 9, 13 }",true,false,true,0.000
13,67,"{ 4, 6, 10, 13 }",true,false,true,0.000
13,67,"{ 3, 4, 11, 12 }",true,false,true,0.000
13,67,"{ 2, 5, 9, 11 }",true,false,true,0.000
13,67,"{ 1, 3, 4, 6 }",true,false,true,0.000
13,68,"{ 2, 3, 5, 7, 9, 10 }",true,false,true,0.010
13,68,"{ 1, 6, 7, 9, 11, 13 }",true,false,true,0.010
13,68,"{ 1, 5, 8, 9, 10, 11 }",true,false,true,0.010
13,68,"{ 3, 6, 7, 8, 9, 12 }",true,false,true,0.010
13,68,"{ 1, 3, 4, 9, 10, 12 }",true,false,true,0.010
13,68,"{ 1, 2, 7, 8, 10, 12 }",true,false,true,0.010
13,68,"{ 5, 6, 8, 10, 12, 13 }",true,false,true,0.010
13,68,"{ 2, 4, 5, 10, 11, 13 }",true,false,true,0.010
13,68,"{ 2, 3, 8, 9, 11, 13 }",true,false,true,0.010
13,68,"{ 1, 4, 5, 6, 7, 10 }",true,false,true,0.010
13,68,"{ 3, 4, 5, 6, 9, 13 }",true,false,true,0.010
13,68,"{ 1, 3, 5, 7, 8, 13 }",true,false,true,0.010
13,68,"{ 1, 2, 5, 9, 12, 13 }",true,false,true,0.010
13,68,"{ 3, 4, 6, 8, 10, 11 }",true,false,true,0.010
13,68,"{ 4, 7, 8, 9, 10, 13 }",true,false,true,0.010
13,68,"{ 2, 5, 6, 7, 8, 11 }",true,false,true,0.010
13,68,"{ 2, 4, 6, 7, 12, 13 }",true,false,true,0.010
13,68,"{ 1, 4, 8, 11, 12, 13 }",true,false,true,0.010
13,68,"{ 1, 2, 4, 6, 8, 9 }",true,false,true,0.010
13,68,"{ 1, 2, 3, 6, 10, 13 }",true,false,true,0.010
13,68,"{ 2, 6, 9, 10, 11, 12 }",true,false,true,0.010
13,68,"{ 2, 3, 4, 5, 8, 12 }",true,false,true,0.010
13,68,"{ 1, 2, 3, 4, 7, 11 }",true,false,true,0.010
13,68,"{ 4, 5, 7, 9, 11, 12 }",true,false,true,0.010
13,68,"{ 1, 3, 5, 6, 11, 12 }",true,false,true,0.010
13,68,"{ 3, 7, 10, 11, 12, 13 }",true,false,true,0.010
13,69,"{ 1, 2, 3, 4, 5, 6, 7, 8, 9, 11, 12, 13 }",true,true,true,0.020
13,69,"{ 1, 2, 3, 4, 5, 6, 7, 9, 10, 11, 12, 13 }",true,true,true,0.020
13,69,"{ 1, 2, 3, 4, 5, 6, 7, 8, 9, 10, 12, 13 }",true,true,true,0.020
13,69,"{ 1, 2, 3, 5, 6, 7, 8, 9, 10, 11, 12, 13 }",true,true,true,0.020
13,69,"{ 1, 2, 3, 4, 5, 6, 7, 8, 9, 10, 11, 12 }",true,true,true,0.020
13,69,"{ 1, 3, 4, 5, 6, 7, 8, 9, 10, 11, 12, 13 }",true,true,true,0.020
13,69,"{ 1, 2, 3, 4, 5, 6, 7, 8, 9, 10, 11, 13 }",true,true,true,0.020
13,69,"{ 1, 2, 3, 4, 6, 7, 8, 9, 10, 11, 12, 13 }",true,true,true,0.020
13,69,"{ 1, 2, 3, 4, 5, 6, 8, 9, 10, 11, 12, 13 }",true,true,true,0.020
13,69,"{ 2, 3, 4, 5, 6, 7, 8, 9, 10, 11, 12, 13 }",true,true,true,0.020
13,69,"{ 1, 2, 3, 4, 5, 7, 8, 9, 10, 11, 12, 13 }",true,true,true,0.020
13,69,"{ 1, 2, 3, 4, 5, 6, 7, 8, 10, 11, 12, 13 }",true,true,true,0.020
13,69,"{ 1, 2, 4, 5, 6, 7, 8, 9, 10, 11, 12, 13 }",true,true,true,0.020
13,70,"{ 1, 2, 3, 4, 5, 6, 7, 8, 9, 11, 12, 13 }",true,true,true,0.260
13,70,"{ 1, 2, 3, 4, 5, 6, 7, 9, 10, 11, 12, 13 }",true,true,true,0.260
13,70,"{ 1, 2, 3, 4, 5, 6, 7, 8, 9, 10, 12, 13 }",true,true,true,0.260
13,70,"{ 1, 2, 3, 5, 6, 7, 8, 9, 10, 11, 12, 13 }",true,true,true,0.260
13,70,"{ 1, 2, 3, 4, 5, 6, 7, 8, 9, 10, 11, 12 }",true,true,true,0.260
13,70,"{ 1, 3, 4, 5, 6, 7, 8, 9, 10, 11, 12, 13 }",true,true,true,0.260
13,70,"{ 1, 2, 3, 4, 5, 6, 7, 8, 9, 10, 11, 13 }",true,true,true,0.260
13,70,"{ 1, 2, 3, 4, 6, 7, 8, 9, 10, 11, 12, 13 }",true,true,true,0.260
13,70,"{ 1, 2, 3, 4, 5, 6, 8, 9, 10, 11, 12, 13 }",true,true,true,0.260
13,70,"{ 2, 3, 4, 5, 6, 7, 8, 9, 10, 11, 12, 13 }",true,true,true,0.260
13,70,"{ 1, 2, 3, 4, 5, 7, 8, 9, 10, 11, 12, 13 }",true,true,true,0.260
13,70,"{ 1, 2, 3, 4, 5, 6, 7, 8, 10, 11, 12, 13 }",true,true,true,0.260
13,70,"{ 1, 2, 4, 5, 6, 7, 8, 9, 10, 11, 12, 13 }",true,true,true,0.260
13,71,"{ 1, 2, 3, 4, 5, 6, 7, 8, 9, 11, 12, 13 }",true,true,true,164136.130
13,71,"{ 1, 2, 3, 4, 5, 6, 7, 9, 10, 11, 12, 13 }",true,true,true,164136.130
13,71,"{ 1, 2, 3, 4, 5, 6, 7, 8, 9, 10, 12, 13 }",true,true,true,164136.130
13,71,"{ 1, 2, 3, 5, 6, 7, 8, 9, 10, 11, 12, 13 }",true,true,true,164136.130
13,71,"{ 1, 2, 3, 4, 5, 6, 7, 8, 9, 10, 11, 12 }",true,true,true,164136.130
13,71,"{ 1, 3, 4, 5, 6, 7, 8, 9, 10, 11, 12, 13 }",true,true,true,164136.130
13,71,"{ 1, 2, 3, 4, 5, 6, 7, 8, 9, 10, 11, 13 }",true,true,true,164136.130
13,71,"{ 1, 2, 3, 4, 6, 7, 8, 9, 10, 11, 12, 13 }",true,true,true,164136.130
13,71,"{ 1, 2, 3, 4, 5, 6, 8, 9, 10, 11, 12, 13 }",true,true,true,164136.130
13,71,"{ 2, 3, 4, 5, 6, 7, 8, 9, 10, 11, 12, 13 }",true,true,true,164136.130
13,71,"{ 1, 2, 3, 4, 5, 7, 8, 9, 10, 11, 12, 13 }",true,true,true,164136.130
13,71,"{ 1, 2, 3, 4, 5, 6, 7, 8, 10, 11, 12, 13 }",true,true,true,164136.130
13,71,"{ 1, 2, 4, 5, 6, 7, 8, 9, 10, 11, 12, 13 }",true,true,true,164136.130
13,72,"{ 1, 2, 3, 4, 5, 6, 7, 8, 9, 11, 12, 13 }",true,true,true,374311.240
13,72,"{ 1, 2, 3, 4, 5, 6, 7, 9, 10, 11, 12, 13 }",true,true,true,374311.240
13,72,"{ 1, 2, 3, 4, 5, 6, 7, 8, 9, 10, 12, 13 }",true,true,true,374311.240
13,72,"{ 1, 2, 3, 5, 6, 7, 8, 9, 10, 11, 12, 13 }",true,true,true,374311.240
13,72,"{ 1, 2, 3, 4, 5, 6, 7, 8, 9, 10, 11, 12 }",true,true,true,374311.240
13,72,"{ 1, 3, 4, 5, 6, 7, 8, 9, 10, 11, 12, 13 }",true,true,true,374311.240
13,72,"{ 1, 2, 3, 4, 5, 6, 7, 8, 9, 10, 11, 13 }",true,true,true,374311.240
13,72,"{ 1, 2, 3, 4, 6, 7, 8, 9, 10, 11, 12, 13 }",true,true,true,374311.240
13,72,"{ 1, 2, 3, 4, 5, 6, 8, 9, 10, 11, 12, 13 }",true,true,true,374311.240
13,72,"{ 2, 3, 4, 5, 6, 7, 8, 9, 10, 11, 12, 13 }",true,true,true,374311.240
13,72,"{ 1, 2, 3, 4, 5, 7, 8, 9, 10, 11, 12, 13 }",true,true,true,374311.240
13,72,"{ 1, 2, 3, 4, 5, 6, 7, 8, 10, 11, 12, 13 }",true,true,true,374311.240
13,72,"{ 1, 2, 4, 5, 6, 7, 8, 9, 10, 11, 12, 13 }",true,true,true,374311.240
14,73,"{ 1, 2, 3, 4, 5, 6, 7, 8, 9, 11, 12, 13, 14 }",true,true,true,0.050
14,73,"{ 1, 2, 3, 4, 5, 6, 8, 9, 10, 11, 12, 13, 14 }",true,true,true,0.050
14,73,"{ 1, 2, 3, 4, 5, 6, 7, 8, 10, 11, 12, 13, 14 }",true,true,true,0.050
14,73,"{ 1, 2, 3, 4, 5, 6, 7, 9, 10, 11, 12, 13, 14 }",true,true,true,0.050
14,73,"{ 1, 2, 3, 4, 5, 6, 7, 8, 9, 10, 11, 12, 14 }",true,true,true,0.050
14,73,"{ 1, 2, 3, 4, 5, 6, 7, 8, 9, 10, 12, 13, 14 }",true,true,true,0.050
14,73,"{ 1, 2, 3, 4, 6, 7, 8, 9, 10, 11, 12, 13, 14 }",true,true,true,0.050
14,73,"{ 1, 2, 4, 5, 6, 7, 8, 9, 10, 11, 12, 13, 14 }",true,true,true,0.050
14,73,"{ 1, 2, 3, 5, 6, 7, 8, 9, 10, 11, 12, 13, 14 }",true,true,true,0.050
14,73,"{ 1, 3, 4, 5, 6, 7, 8, 9, 10, 11, 12, 13, 14 }",true,true,true,0.050
14,73,"{ 2, 3, 4, 5, 6, 7, 8, 9, 10, 11, 12, 13, 14 }",true,true,true,0.050
14,73,"{ 1, 2, 3, 4, 5, 6, 7, 8, 9, 10, 11, 13, 14 }",true,true,true,0.050
14,73,"{ 1, 2, 3, 4, 5, 6, 7, 8, 9, 10, 11, 12, 13 }",true,true,true,0.050
14,73,"{ 1, 2, 3, 4, 5, 7, 8, 9, 10, 11, 12, 13, 14 }",true,true,true,0.050
14,74,"{ 1, 2, 3, 4, 5, 6, 7, 8, 9, 11, 12, 13, 14 }",true,true,true,0.100
14,74,"{ 1, 2, 3, 4, 5, 6, 8, 9, 10, 11, 12, 13, 14 }",true,true,true,0.100
14,74,"{ 1, 2, 3, 4, 5, 6, 7, 8, 10, 11, 12, 13, 14 }",true,true,true,0.100
14,74,"{ 1, 2, 3, 4, 5, 6, 7, 9, 10, 11, 12, 13, 14 }",true,true,true,0.100
14,74,"{ 1, 2, 3, 4, 5, 6, 7, 8, 9, 10, 11, 12, 14 }",true,true,true,0.100
14,74,"{ 1, 2, 3, 4, 5, 6, 7, 8, 9, 10, 12, 13, 14 }",true,true,true,0.100
14,74,"{ 1, 2, 3, 4, 6, 7, 8, 9, 10, 11, 12, 13, 14 }",true,true,true,0.100
14,74,"{ 1, 2, 4, 5, 6, 7, 8, 9, 10, 11, 12, 13, 14 }",true,true,true,0.100
14,74,"{ 1, 2, 3, 5, 6, 7, 8, 9, 10, 11, 12, 13, 14 }",true,true,true,0.100
14,74,"{ 1, 3, 4, 5, 6, 7, 8, 9, 10, 11, 12, 13, 14 }",true,true,true,0.100
14,74,"{ 2, 3, 4, 5, 6, 7, 8, 9, 10, 11, 12, 13, 14 }",true,true,true,0.100
14,74,"{ 1, 2, 3, 4, 5, 6, 7, 8, 9, 10, 11, 13, 14 }",true,true,true,0.100
14,74,"{ 1, 2, 3, 4, 5, 6, 7, 8, 9, 10, 11, 12, 13 }",true,true,true,0.100
14,74,"{ 1, 2, 3, 4, 5, 7, 8, 9, 10, 11, 12, 13, 14 }",true,true,true,0.100
